{"cameraMode":{"drawMode":0,"name":"Shaded","section":"Shading Mode"},"sceneLighting":true,"audioPlay":false,"sceneViewState":{"showFog":false,"showMaterialUpdate":false,"showSkybox":false,"showFlares":false,"showImageEffects":false,"showParticleSystems":true},"in2DMode":false,"pivot":{"x":0.5564641356468201,"y":0.4078221321105957,"z":-0.17326593399047852},"rotation":{"x":-0.17285825312137605,"y":-0.08057408034801483,"z":0.014187957160174847,"w":-0.9815429449081421},"size":10.791481971740723,"orthographic":false}