{"cameraMode":{"drawMode":0,"name":"Shaded","section":"Shading Mode"},"sceneLighting":true,"audioPlay":false,"sceneViewState":{"showFog":false,"showMaterialUpdate":false,"showSkybox":false,"showFlares":false,"showImageEffects":false,"showParticleSystems":true},"in2DMode":false,"pivot":{"x":-1.4306323528289796,"y":0.12340927124023438,"z":4.834285736083984},"rotation":{"x":-0.3935467302799225,"y":-0.05731264129281044,"z":0.024589749053120614,"w":-0.9171867966651917},"size":10.660743713378907,"orthographic":false}