{"cameraMode":{"drawMode":0,"name":"Shaded","section":"Shading Mode"},"sceneLighting":false,"audioPlay":false,"sceneViewState":{"showFog":false,"showMaterialUpdate":false,"showSkybox":false,"showFlares":false,"showImageEffects":false,"showParticleSystems":true},"in2DMode":false,"pivot":{"x":1.4901161193847657e-8,"y":0.5042414665222168,"z":0.0},"rotation":{"x":-0.16708235442638398,"y":-0.07181152701377869,"z":0.012200821191072464,"w":-0.9832485914230347},"size":2.625253200531006,"orthographic":false}