{"cameraMode":{"drawMode":0,"name":"Shaded","section":"Shading Mode"},"sceneLighting":false,"audioPlay":false,"sceneViewState":{"showFog":true,"showMaterialUpdate":false,"showSkybox":true,"showFlares":true,"showImageEffects":true,"showParticleSystems":true},"in2DMode":false,"pivot":{"x":0.192432701587677,"y":0.9800740480422974,"z":0.2504881024360657},"rotation":{"x":-0.2250869870185852,"y":-0.10208480060100556,"z":0.023720774799585344,"w":-0.9686856865882874},"size":5.924747467041016,"orthographic":false}