{"cameraMode":{"drawMode":0,"name":"Shaded","section":"Shading Mode"},"sceneLighting":false,"audioPlay":false,"sceneViewState":{"showFog":true,"showMaterialUpdate":false,"showSkybox":true,"showFlares":true,"showImageEffects":true,"showParticleSystems":true},"in2DMode":false,"pivot":{"x":0.1924324631690979,"y":1.022594928741455,"z":0.24268969893455506},"rotation":{"x":-0.2250869870185852,"y":-0.10208480060100556,"z":0.023720774799585344,"w":-0.9686856865882874},"size":6.0072126388549809,"orthographic":false}